column,permission
 1,permission_ACCESS_COARSE_DATA
 2,permission_ACCESS_COARSE_LOCATION
 3,permission_ACCESS_FINE_LOCATION
 4,permission_ACCESS_MOCK_LOCATION
 5,permission_BATTERY_STATS
 6,permission_BLUETOOTH
 7,permission_BLUETOOTH_ADMIN
 8,permission_CALL_PHONE
 9,permission_CAMERA
10,permission_CHANGE_WIFI_STATE
11,permission_DISABLE_KEYGUARD
12,permission_GET_TASKS
13,permission_INTERNET
14,permission_MANAGE_ACCOUNTS
15,permission_NFC
16,permission_PROCESS_OUTGOING_CALLS
17,permission_READ_CALENDAR
18,permission_READ_CONTACTS
19,permission_READ_EXTERNAL_STORAGE
20,permission_READ_HISTORY_BOOKMARKS
21,permission_READ_PHONE_STATE
22,permission_READ_SMS
23,permission_RECEIVE_SMS
24,permission_RECORD_AUDIO
25,permission_SEND_SMS
26,permission_SYSTEM_ALERT_WINDOW
27,permission_WRITE_CONTACTS
28,permission_WRITE_EXTERNAL_STORAGE
29,permission_WRITE_HISTORY_BOOKMARKS
30,permission_WRITE_SMS